-- phpMyAdmin SQL Dump
-- version 5.2.1
-- https://www.phpmyadmin.net/
--
-- Host: 127.0.0.1:3360
-- Generation Time: Mar 04, 2025 at 02:06 PM
-- Server version: 10.4.28-MariaDB
-- PHP Version: 8.0.28

SET SQL_MODE = "NO_AUTO_VALUE_ON_ZERO";
START TRANSACTION;
SET time_zone = "+00:00";


/*!40101 SET @OLD_CHARACTER_SET_CLIENT=@@CHARACTER_SET_CLIENT */;
/*!40101 SET @OLD_CHARACTER_SET_RESULTS=@@CHARACTER_SET_RESULTS */;
/*!40101 SET @OLD_COLLATION_CONNECTION=@@COLLATION_CONNECTION */;
/*!40101 SET NAMES utf8mb4 */;

--
-- Database: `learnhub`
--

-- --------------------------------------------------------

--
-- Table structure for table `activity_logs`
--

CREATE TABLE `activity_logs` (
  `id` int(11) NOT NULL,
  `user_id` int(11) NOT NULL,
  `activity` text NOT NULL,
  `created_at` timestamp NOT NULL DEFAULT current_timestamp()
) ENGINE=InnoDB DEFAULT CHARSET=utf8mb4 COLLATE=utf8mb4_general_ci;

-- --------------------------------------------------------

--
-- Table structure for table `bookmarks`
--

CREATE TABLE `bookmarks` (
  `id` int(11) NOT NULL,
  `user_id` int(11) NOT NULL,
  `note_id` int(11) NOT NULL,
  `created_at` timestamp NOT NULL DEFAULT current_timestamp()
) ENGINE=InnoDB DEFAULT CHARSET=utf8mb4 COLLATE=utf8mb4_general_ci;

--
-- Dumping data for table `bookmarks`
--

INSERT INTO `bookmarks` (`id`, `user_id`, `note_id`, `created_at`) VALUES
(7, 1, 1, '2025-03-04 12:43:46'),
(8, 4, 3, '2025-03-04 12:57:00'),
(9, 4, 1, '2025-03-04 12:57:09'),
(10, 3, 4, '2025-03-04 12:59:28'),
(11, 1, 4, '2025-03-04 13:05:20');

-- --------------------------------------------------------

--
-- Table structure for table `likes`
--

CREATE TABLE `likes` (
  `id` int(11) NOT NULL,
  `user_id` int(11) NOT NULL,
  `note_id` int(11) NOT NULL,
  `created_at` timestamp NOT NULL DEFAULT current_timestamp()
) ENGINE=InnoDB DEFAULT CHARSET=utf8mb4 COLLATE=utf8mb4_general_ci;

--
-- Dumping data for table `likes`
--

INSERT INTO `likes` (`id`, `user_id`, `note_id`, `created_at`) VALUES
(1, 1, 1, '2025-03-04 12:29:24'),
(2, 3, 4, '2025-03-04 12:59:28'),
(3, 1, 4, '2025-03-04 13:05:13');

-- --------------------------------------------------------

--
-- Table structure for table `notes`
--

CREATE TABLE `notes` (
  `id` int(11) NOT NULL,
  `user_id` int(11) NOT NULL,
  `title` varchar(255) NOT NULL,
  `content` text NOT NULL,
  `category` varchar(100) NOT NULL,
  `bookmarks` int(11) NOT NULL,
  `likes` int(11) NOT NULL,
  `views` int(11) NOT NULL,
  `created_at` timestamp NOT NULL DEFAULT current_timestamp()
) ENGINE=InnoDB DEFAULT CHARSET=utf8mb4 COLLATE=utf8mb4_general_ci;

--
-- Dumping data for table `notes`
--

INSERT INTO `notes` (`id`, `user_id`, `title`, `content`, `category`, `bookmarks`, `likes`, `views`, `created_at`) VALUES
(1, 1, 'What is Lorem Ipsum?', 'Lorem Ipsum is simply dummy text of the printing and typesetting industry. Lorem Ipsum has been the industry\'s standard dummy text ever since the 1500s, when an unknown printer took a galley of type and scrambled it to make a type specimen book. It has survived not only five centuries, but also the leap into electronic typesetting, remaining essentially unchanged. It was popularised in the 1960s with the release of Letraset sheets containing Lorem Ipsum passages, and more recently with desktop publishing software like Aldus PageMaker including versions of Lorem Ipsum.', 'Physics', 2, 1, 44, '2025-03-04 08:18:55'),
(3, 4, 'Why do we use it?', 'It is a long established fact that a reader will be distracted by the readable content of a page when looking at its layout. The point of using Lorem Ipsum is that it has a more-or-less normal distribution of letters, as opposed to using \'Content here, content here\', making it look like readable English. Many desktop publishing packages and web page editors now use Lorem Ipsum as their default model text, and a search for \'lorem ipsum\' will uncover many web sites still in their infancy. Various versions have evolved over the years, sometimes by accident, sometimes on purpose (injected humour and the like).', 'Chemistry', 1, 0, 4, '2025-03-04 12:55:51'),
(4, 4, 'Where can I get some?', 'There are many variations of passages of Lorem Ipsum available, but the majority have suffered alteration in some form, by injected humour, or randomised words which don\'t look even slightly believable. If you are going to use a passage of Lorem Ipsum, you need to be sure there isn\'t anything embarrassing hidden in the middle of text. All the Lorem Ipsum generators on the Internet tend to repeat predefined chunks as necessary, making this the first true generator on the Internet. It uses a dictionary of over 200 Latin words, combined with a handful of model sentence structures, to generate Lorem Ipsum which looks reasonable. The generated Lorem Ipsum is therefore always free from repetition, injected humour, or non-characteristic words etc.', 'Biology', 2, 2, 4, '2025-03-04 12:56:14');

-- --------------------------------------------------------

--
-- Table structure for table `users`
--

CREATE TABLE `users` (
  `id` int(11) NOT NULL,
  `fullname` varchar(255) NOT NULL,
  `email` varchar(255) NOT NULL,
  `password` varchar(255) NOT NULL,
  `created_at` timestamp NOT NULL DEFAULT current_timestamp()
) ENGINE=InnoDB DEFAULT CHARSET=utf8mb4 COLLATE=utf8mb4_general_ci;

--
-- Dumping data for table `users`
--

INSERT INTO `users` (`id`, `fullname`, `email`, `password`, `created_at`) VALUES
(1, 'Mary Kiwi', 'maryk@gmail.com', '$2y$10$8R0VO7uzMTamhD4bvooY9eY/C0nvWtWdzDIGzMD3CMG7gtn4KTqby', '2025-03-04 07:53:24'),
(3, 'John Doe', 'john@gmail.com', '$2y$10$gCH3.SSwm28MSb2pDq031.thIvDQ9Ivzra3TmLJsn1GqqsGbaz0iu', '2025-03-04 12:51:16'),
(4, 'Jane Doe', 'jane@gmail.com', '$2y$10$a27AHGYXpyQr3n0c.nv1m.qzhutrNKqflW0vcwhOZ2NO.SW9sRtBW', '2025-03-04 12:55:00');

--
-- Indexes for dumped tables
--

--
-- Indexes for table `activity_logs`
--
ALTER TABLE `activity_logs`
  ADD PRIMARY KEY (`id`);

--
-- Indexes for table `bookmarks`
--
ALTER TABLE `bookmarks`
  ADD PRIMARY KEY (`id`);

--
-- Indexes for table `likes`
--
ALTER TABLE `likes`
  ADD PRIMARY KEY (`id`),
  ADD UNIQUE KEY `unique_like` (`user_id`,`note_id`),
  ADD KEY `note_id` (`note_id`);

--
-- Indexes for table `notes`
--
ALTER TABLE `notes`
  ADD PRIMARY KEY (`id`);

--
-- Indexes for table `users`
--
ALTER TABLE `users`
  ADD PRIMARY KEY (`id`);

--
-- AUTO_INCREMENT for dumped tables
--

--
-- AUTO_INCREMENT for table `activity_logs`
--
ALTER TABLE `activity_logs`
  MODIFY `id` int(11) NOT NULL AUTO_INCREMENT;

--
-- AUTO_INCREMENT for table `bookmarks`
--
ALTER TABLE `bookmarks`
  MODIFY `id` int(11) NOT NULL AUTO_INCREMENT, AUTO_INCREMENT=12;

--
-- AUTO_INCREMENT for table `likes`
--
ALTER TABLE `likes`
  MODIFY `id` int(11) NOT NULL AUTO_INCREMENT, AUTO_INCREMENT=4;

--
-- AUTO_INCREMENT for table `notes`
--
ALTER TABLE `notes`
  MODIFY `id` int(11) NOT NULL AUTO_INCREMENT, AUTO_INCREMENT=5;

--
-- AUTO_INCREMENT for table `users`
--
ALTER TABLE `users`
  MODIFY `id` int(11) NOT NULL AUTO_INCREMENT, AUTO_INCREMENT=5;

--
-- Constraints for dumped tables
--

--
-- Constraints for table `likes`
--
ALTER TABLE `likes`
  ADD CONSTRAINT `likes_ibfk_1` FOREIGN KEY (`user_id`) REFERENCES `users` (`id`) ON DELETE CASCADE,
  ADD CONSTRAINT `likes_ibfk_2` FOREIGN KEY (`note_id`) REFERENCES `notes` (`id`) ON DELETE CASCADE;
COMMIT;

/*!40101 SET CHARACTER_SET_CLIENT=@OLD_CHARACTER_SET_CLIENT */;
/*!40101 SET CHARACTER_SET_RESULTS=@OLD_CHARACTER_SET_RESULTS */;
/*!40101 SET COLLATION_CONNECTION=@OLD_COLLATION_CONNECTION */;
